Timestamp,Face Emotion,Voice Emotion
2025-06-12 12:07:30,Uncertain,N/A
2025-06-12 12:07:30,Uncertain,N/A
2025-06-12 12:07:31,Uncertain,N/A
2025-06-12 12:07:31,Uncertain,N/A
2025-06-12 12:07:31,Uncertain,N/A
2025-06-12 12:07:31,Uncertain,N/A
2025-06-12 12:07:32,Uncertain,N/A
2025-06-12 12:07:32,Uncertain,N/A
2025-06-12 12:07:32,Uncertain,N/A
2025-06-12 12:07:33,Uncertain,N/A
2025-06-12 12:07:33,N/A,disgust
2025-06-12 12:07:33,sad,N/A
2025-06-12 12:07:33,sad,N/A
2025-06-12 12:07:34,angry,N/A
2025-06-12 12:07:34,Uncertain,N/A
2025-06-12 12:07:34,Uncertain,N/A
2025-06-12 12:07:35,Uncertain,N/A
2025-06-12 12:07:35,Uncertain,N/A
2025-06-12 12:07:35,Uncertain,N/A
2025-06-12 12:07:36,sad,N/A
2025-06-12 12:07:36,Uncertain,N/A
2025-06-12 12:07:36,Uncertain,N/A
2025-06-12 12:07:37,Uncertain,N/A
2025-06-12 12:07:37,Uncertain,N/A
2025-06-12 12:07:37,sad,N/A
2025-06-12 12:07:37,Uncertain,N/A
2025-06-12 12:07:38,Uncertain,N/A
2025-06-12 12:07:38,sad,N/A
2025-06-12 12:07:38,angry,N/A
2025-06-12 12:07:39,sad,N/A
2025-06-12 12:07:39,N/A,disgust
2025-06-12 12:07:39,Uncertain,N/A
2025-06-12 12:07:39,Uncertain,N/A
2025-06-12 12:07:40,Uncertain,N/A
2025-06-12 12:07:40,sad,N/A
2025-06-12 12:07:40,sad,N/A
2025-06-12 12:07:41,sad,N/A
2025-06-12 12:07:41,Uncertain,N/A
2025-06-12 12:07:41,Uncertain,N/A
2025-06-12 12:07:42,Uncertain,N/A
2025-06-12 12:07:42,Uncertain,N/A
2025-06-12 12:07:43,Uncertain,N/A
2025-06-12 12:07:43,neutral,N/A
2025-06-12 12:07:43,Uncertain,N/A
2025-06-12 12:07:44,Uncertain,N/A
2025-06-12 12:07:44,Uncertain,N/A
2025-06-12 12:07:44,Uncertain,N/A
2025-06-12 12:07:44,Uncertain,N/A
2025-06-12 12:07:45,neutral,N/A
2025-06-12 12:07:45,sad,N/A
2025-06-12 12:07:45,N/A,disgust
2025-06-12 12:07:46,Uncertain,N/A
2025-06-12 12:07:46,Uncertain,N/A
2025-06-12 12:07:46,sad,N/A
2025-06-12 12:07:46,sad,N/A
2025-06-12 12:07:47,Uncertain,N/A
2025-06-12 12:07:47,neutral,N/A
2025-06-12 12:07:47,Uncertain,N/A
2025-06-12 12:07:48,Uncertain,N/A
2025-06-12 12:07:48,sad,N/A
2025-06-12 12:07:49,Uncertain,N/A
2025-06-12 12:07:49,Uncertain,N/A
2025-06-12 12:07:49,sad,N/A
2025-06-12 12:07:49,fear,N/A
2025-06-12 12:07:50,sad,N/A
2025-06-12 12:07:50,sad,N/A
2025-06-12 12:07:50,sad,N/A
2025-06-12 12:07:50,sad,N/A
2025-06-12 12:07:51,Uncertain,N/A
2025-06-12 12:07:51,Uncertain,N/A
2025-06-12 12:07:51,Uncertain,N/A
2025-06-12 12:07:51,Uncertain,N/A
2025-06-12 12:07:51,Uncertain,N/A
2025-06-12 12:07:52,N/A,angry
2025-06-12 12:07:52,Uncertain,N/A
2025-06-12 12:07:52,sad,N/A
2025-06-12 12:07:52,sad,N/A
2025-06-12 12:07:52,Uncertain,N/A
2025-06-12 12:07:53,Uncertain,N/A
2025-06-12 12:07:53,Uncertain,N/A
2025-06-12 12:07:53,sad,N/A
2025-06-12 12:07:53,Uncertain,N/A
2025-06-12 12:07:53,Uncertain,N/A
2025-06-12 12:07:54,sad,N/A
2025-06-12 12:07:54,Uncertain,N/A
2025-06-12 12:07:54,Uncertain,N/A
2025-06-12 12:07:54,sad,N/A
2025-06-12 12:07:55,sad,N/A
2025-06-12 12:07:55,Uncertain,N/A
2025-06-12 12:07:55,Uncertain,N/A
2025-06-12 12:07:55,Uncertain,N/A
2025-06-12 12:07:56,Uncertain,N/A
2025-06-12 12:07:56,Uncertain,N/A
2025-06-12 12:07:56,sad,N/A
2025-06-12 12:07:57,Uncertain,N/A
2025-06-12 12:07:57,Uncertain,N/A
2025-06-12 12:07:57,Uncertain,N/A
2025-06-12 12:07:57,Uncertain,N/A
2025-06-12 12:07:58,Uncertain,N/A
2025-06-12 12:07:58,N/A,angry
2025-06-12 12:07:58,sad,N/A
2025-06-12 12:07:58,sad,N/A
2025-06-12 12:07:59,sad,N/A
2025-06-12 12:07:59,sad,N/A
2025-06-12 12:07:59,sad,N/A
2025-06-12 12:08:00,sad,N/A
2025-06-12 12:08:00,Uncertain,N/A
2025-06-12 12:08:00,Uncertain,N/A
2025-06-12 12:08:01,Uncertain,N/A
2025-06-12 12:08:01,Uncertain,N/A
2025-06-12 12:08:01,Uncertain,N/A
2025-06-12 12:08:02,sad,N/A
2025-06-12 12:08:02,sad,N/A
2025-06-12 12:08:02,sad,N/A
2025-06-12 12:08:02,Uncertain,N/A
2025-06-12 12:08:03,Uncertain,N/A
2025-06-12 12:08:03,Uncertain,N/A
2025-06-12 12:08:03,Uncertain,N/A
2025-06-12 12:08:04,Uncertain,N/A
2025-06-12 12:08:04,Uncertain,N/A
2025-06-12 12:08:04,N/A,disgust
2025-06-12 12:08:04,Uncertain,N/A
2025-06-12 12:08:05,Uncertain,N/A
2025-06-12 12:08:05,Uncertain,N/A
2025-06-12 12:08:05,sad,N/A
2025-06-12 12:08:05,Uncertain,N/A
2025-06-12 12:08:06,Uncertain,N/A
2025-06-12 12:08:06,Uncertain,N/A
2025-06-12 12:08:06,sad,N/A
2025-06-12 12:08:07,Uncertain,N/A
2025-06-12 12:08:07,Uncertain,N/A
2025-06-12 12:08:08,Uncertain,N/A
2025-06-12 12:08:08,Uncertain,N/A
2025-06-12 12:08:08,Uncertain,N/A
2025-06-12 12:08:09,sad,N/A
2025-06-12 12:08:09,angry,N/A
2025-06-12 12:08:09,sad,N/A
2025-06-12 12:08:10,sad,N/A
2025-06-12 12:08:10,sad,N/A
2025-06-12 12:08:10,sad,N/A
2025-06-12 12:08:10,N/A,disgust
2025-06-12 12:08:11,Uncertain,N/A
2025-06-12 12:08:11,Uncertain,N/A
2025-06-12 12:08:11,Uncertain,N/A
2025-06-12 12:08:12,Uncertain,N/A
2025-06-12 12:08:12,Uncertain,N/A
2025-06-12 12:08:12,Uncertain,N/A
2025-06-12 12:08:13,sad,N/A
2025-06-12 12:08:13,Uncertain,N/A
2025-06-12 12:08:14,disgust,N/A
2025-06-12 12:08:14,sad,N/A
2025-06-12 12:08:14,sad,N/A
2025-06-12 12:08:15,sad,N/A
2025-06-12 12:08:15,sad,N/A
2025-06-12 12:08:15,sad,N/A
2025-06-12 12:08:16,Uncertain,N/A
2025-06-12 12:08:16,Uncertain,N/A
2025-06-12 12:08:16,Uncertain,N/A
2025-06-12 12:08:17,disgust,N/A
2025-06-12 12:08:17,N/A,disgust
2025-06-12 12:08:17,Uncertain,N/A
2025-06-12 12:08:17,Uncertain,N/A
2025-06-12 12:08:17,Uncertain,N/A
2025-06-12 12:08:18,Uncertain,N/A
2025-06-12 12:08:18,Uncertain,N/A
2025-06-12 12:08:18,Uncertain,N/A
2025-06-12 12:08:18,Uncertain,N/A
2025-06-12 12:08:19,Uncertain,N/A
2025-06-12 12:08:19,Uncertain,N/A
2025-06-12 12:08:19,sad,N/A
2025-06-12 12:08:20,sad,N/A
2025-06-12 12:08:20,Uncertain,N/A
2025-06-12 12:08:20,Uncertain,N/A
2025-06-12 12:08:21,Uncertain,N/A
2025-06-12 12:08:21,Uncertain,N/A
2025-06-12 12:08:21,Uncertain,N/A
2025-06-12 12:08:21,Uncertain,N/A
2025-06-12 12:08:22,Uncertain,N/A
2025-06-12 12:08:22,Uncertain,N/A
2025-06-12 12:08:22,Uncertain,N/A
2025-06-12 12:08:22,Uncertain,N/A
2025-06-12 12:08:23,Uncertain,N/A
2025-06-12 12:08:23,N/A,disgust
2025-06-12 12:08:23,Uncertain,N/A
2025-06-12 12:08:23,sad,N/A
2025-06-12 12:08:23,sad,N/A
2025-06-12 12:08:24,Uncertain,N/A
2025-06-12 12:08:24,Uncertain,N/A
2025-06-12 12:08:24,Uncertain,N/A
2025-06-12 12:08:24,Uncertain,N/A
2025-06-12 12:08:25,Uncertain,N/A
2025-06-12 12:08:25,sad,N/A
2025-06-12 12:08:25,Uncertain,N/A
2025-06-12 12:08:25,angry,N/A
2025-06-12 12:08:26,Uncertain,N/A
2025-06-12 12:08:26,sad,N/A
2025-06-12 12:08:26,Uncertain,N/A
2025-06-12 12:08:27,Uncertain,N/A
2025-06-12 12:08:27,Uncertain,N/A
2025-06-12 12:08:27,Uncertain,N/A
2025-06-12 12:08:27,Uncertain,N/A
2025-06-12 12:08:28,Uncertain,N/A
2025-06-12 12:08:28,Uncertain,N/A
2025-06-12 12:08:28,Uncertain,N/A
2025-06-12 12:08:28,Uncertain,N/A
2025-06-12 12:08:29,Uncertain,N/A
2025-06-12 12:08:29,Uncertain,N/A
2025-06-12 12:08:29,N/A,disgust
2025-06-12 12:08:29,Uncertain,N/A
2025-06-12 12:08:29,Uncertain,N/A
2025-06-12 12:08:30,Uncertain,N/A
2025-06-12 12:08:30,Uncertain,N/A
2025-06-12 12:08:30,sad,N/A
2025-06-12 12:08:31,sad,N/A
2025-06-12 12:08:31,sad,N/A
2025-06-12 12:08:31,Uncertain,N/A
2025-06-12 12:08:32,Uncertain,N/A
2025-06-12 12:08:33,Uncertain,N/A
2025-06-12 12:08:33,sad,N/A
2025-06-12 12:08:33,Uncertain,N/A
2025-06-12 12:08:33,Uncertain,N/A
2025-06-12 12:08:34,sad,N/A
2025-06-12 12:08:34,Uncertain,N/A
2025-06-12 12:08:34,Uncertain,N/A
2025-06-12 12:08:35,sad,N/A
2025-06-12 12:08:35,sad,N/A
2025-06-12 12:08:35,sad,N/A
2025-06-12 12:08:35,Uncertain,N/A
2025-06-12 12:08:35,N/A,disgust
2025-06-12 12:08:35,sad,N/A
2025-06-12 12:08:36,Uncertain,N/A
2025-06-12 12:08:36,Uncertain,N/A
2025-06-12 12:08:36,Uncertain,N/A
2025-06-12 12:08:36,Uncertain,N/A
2025-06-12 12:08:37,Uncertain,N/A
2025-06-12 12:08:37,sad,N/A
2025-06-12 12:08:37,Uncertain,N/A
2025-06-12 12:08:37,Uncertain,N/A
2025-06-12 12:08:37,sad,N/A
2025-06-12 12:08:38,Uncertain,N/A
2025-06-12 12:08:38,Uncertain,N/A
2025-06-12 12:08:38,sad,N/A
2025-06-12 12:08:38,Uncertain,N/A
2025-06-12 12:08:39,Uncertain,N/A
2025-06-12 12:08:39,sad,N/A
2025-06-12 12:08:39,Uncertain,N/A
2025-06-12 12:08:39,sad,N/A
2025-06-12 12:08:40,sad,N/A
2025-06-12 12:08:40,sad,N/A
2025-06-12 12:08:40,sad,N/A
2025-06-12 12:08:40,sad,N/A
2025-06-12 12:08:40,sad,N/A
2025-06-12 12:08:41,sad,N/A
2025-06-12 12:08:41,Uncertain,N/A
2025-06-12 12:08:41,Uncertain,N/A
2025-06-12 12:08:42,Uncertain,N/A
2025-06-12 12:08:42,N/A,disgust
2025-06-12 12:08:42,Uncertain,N/A
2025-06-12 12:08:42,Uncertain,N/A
2025-06-12 12:08:42,Uncertain,N/A
2025-06-12 12:08:42,sad,N/A
2025-06-12 12:08:43,Uncertain,N/A
2025-06-12 12:08:43,Uncertain,N/A
2025-06-12 12:08:43,Uncertain,N/A
2025-06-12 12:08:43,Uncertain,N/A
2025-06-12 12:08:44,Uncertain,N/A
2025-06-12 12:08:44,sad,N/A
2025-06-12 12:08:44,sad,N/A
2025-06-12 12:08:44,Uncertain,N/A
2025-06-12 12:08:44,Uncertain,N/A
2025-06-12 12:08:45,Uncertain,N/A
2025-06-12 12:08:45,Uncertain,N/A
2025-06-12 12:08:45,Uncertain,N/A
2025-06-12 12:08:45,Uncertain,N/A
2025-06-12 12:08:46,Uncertain,N/A
2025-06-12 12:08:46,Uncertain,N/A
2025-06-12 12:08:46,Uncertain,N/A
2025-06-12 12:08:46,Uncertain,N/A
2025-06-12 12:08:46,Uncertain,N/A
2025-06-12 12:08:47,Uncertain,N/A
2025-06-12 12:08:47,Uncertain,N/A
2025-06-12 12:08:47,Uncertain,N/A
2025-06-12 12:08:47,Uncertain,N/A
2025-06-12 12:08:48,Uncertain,N/A
2025-06-12 12:08:48,N/A,disgust
2025-06-12 12:08:48,Uncertain,N/A
2025-06-12 12:08:48,Uncertain,N/A
2025-06-12 12:08:48,Uncertain,N/A
2025-06-12 12:08:49,Uncertain,N/A
2025-06-12 12:08:49,Uncertain,N/A
2025-06-12 12:08:49,Uncertain,N/A
2025-06-12 12:08:49,Uncertain,N/A
2025-06-12 12:08:49,Uncertain,N/A
2025-06-12 12:08:50,Uncertain,N/A
2025-06-12 12:08:50,Uncertain,N/A
2025-06-12 12:08:50,Uncertain,N/A
2025-06-12 12:08:50,Uncertain,N/A
2025-06-12 12:08:51,Uncertain,N/A
2025-06-12 12:08:51,Uncertain,N/A
2025-06-12 12:08:51,Uncertain,N/A
2025-06-12 12:08:51,Uncertain,N/A
2025-06-12 12:08:52,Uncertain,N/A
2025-06-12 12:08:52,Uncertain,N/A
2025-06-12 12:08:52,Uncertain,N/A
2025-06-12 12:08:52,Uncertain,N/A
2025-06-12 12:08:53,Uncertain,N/A
2025-06-12 12:08:53,Uncertain,N/A
2025-06-12 12:08:53,Uncertain,N/A
2025-06-12 12:08:53,Uncertain,N/A
2025-06-12 12:08:53,Uncertain,N/A
2025-06-12 12:08:54,Uncertain,N/A
2025-06-12 12:08:54,sad,N/A
2025-06-12 12:08:54,Uncertain,N/A
2025-06-12 12:08:54,N/A,disgust
2025-06-12 12:08:54,Uncertain,N/A
2025-06-12 12:08:54,Uncertain,N/A
2025-06-12 12:08:55,Uncertain,N/A
2025-06-12 12:08:55,Uncertain,N/A
2025-06-12 12:08:55,Uncertain,N/A
2025-06-12 12:08:55,Uncertain,N/A
2025-06-12 12:08:56,Uncertain,N/A
2025-06-12 12:08:56,angry,N/A
2025-06-12 12:08:56,Uncertain,N/A
2025-06-12 12:08:56,Uncertain,N/A
2025-06-12 12:08:56,Uncertain,N/A
2025-06-12 12:08:57,sad,N/A
2025-06-12 12:08:57,Uncertain,N/A
2025-06-12 12:08:57,sad,N/A
2025-06-12 12:08:58,Uncertain,N/A
2025-06-12 12:08:58,Uncertain,N/A
2025-06-12 12:08:58,Uncertain,N/A
2025-06-12 12:08:58,angry,N/A
2025-06-12 12:08:58,angry,N/A
2025-06-12 12:08:59,Uncertain,N/A
2025-06-12 12:08:59,sad,N/A
2025-06-12 12:08:59,Uncertain,N/A
2025-06-12 12:08:59,Uncertain,N/A
2025-06-12 12:08:59,Uncertain,N/A
2025-06-12 12:09:00,Uncertain,N/A
2025-06-12 12:09:00,Uncertain,N/A
2025-06-12 12:09:00,Uncertain,N/A
2025-06-12 12:09:00,N/A,disgust
2025-06-12 12:09:00,Uncertain,N/A
2025-06-12 12:09:00,Uncertain,N/A
2025-06-12 12:09:01,sad,N/A
2025-06-12 12:09:01,sad,N/A
2025-06-12 12:09:01,sad,N/A
2025-06-12 12:09:01,Uncertain,N/A
2025-06-12 12:09:01,Uncertain,N/A
2025-06-12 12:09:02,Uncertain,N/A
2025-06-12 12:09:02,neutral,N/A
2025-06-12 12:09:02,sad,N/A
2025-06-12 12:09:02,Uncertain,N/A
2025-06-12 12:09:03,Uncertain,N/A
2025-06-12 12:09:03,Uncertain,N/A
2025-06-12 12:09:03,Uncertain,N/A
2025-06-12 12:09:03,Uncertain,N/A
2025-06-12 12:09:03,Uncertain,N/A
2025-06-12 12:09:04,Uncertain,N/A
2025-06-12 12:09:04,Uncertain,N/A
2025-06-12 12:09:04,sad,N/A
2025-06-12 12:09:04,sad,N/A
2025-06-12 12:09:05,sad,N/A
2025-06-12 12:09:05,sad,N/A
2025-06-12 12:09:05,Uncertain,N/A
2025-06-12 12:09:05,sad,N/A
2025-06-12 12:09:06,sad,N/A
2025-06-12 12:09:06,neutral,N/A
2025-06-12 12:09:06,sad,N/A
2025-06-12 12:09:06,sad,N/A
2025-06-12 12:09:07,sad,N/A
2025-06-12 12:09:07,N/A,disgust
2025-06-12 12:09:07,sad,N/A
2025-06-12 12:09:07,sad,N/A
2025-06-12 12:09:07,sad,N/A
2025-06-12 12:09:07,sad,N/A
2025-06-12 12:09:07,sad,N/A
2025-06-12 12:09:08,Uncertain,N/A
2025-06-12 12:09:08,Uncertain,N/A
2025-06-12 12:09:08,Uncertain,N/A
2025-06-12 12:09:08,sad,N/A
2025-06-12 12:09:08,sad,N/A
2025-06-12 12:09:08,sad,N/A
2025-06-12 12:09:09,Uncertain,N/A
2025-06-12 12:09:09,Uncertain,N/A
2025-06-12 12:09:09,Uncertain,N/A
2025-06-12 12:09:09,Uncertain,N/A
2025-06-12 12:09:09,Uncertain,N/A
2025-06-12 12:09:10,Uncertain,N/A
2025-06-12 12:09:10,Uncertain,N/A
2025-06-12 12:09:10,Uncertain,N/A
2025-06-12 12:09:10,Uncertain,N/A
2025-06-12 12:09:11,Uncertain,N/A
2025-06-12 12:09:11,Uncertain,N/A
2025-06-12 12:09:11,Uncertain,N/A
2025-06-12 12:09:11,Uncertain,N/A
2025-06-12 12:09:12,Uncertain,N/A
2025-06-12 12:09:12,Uncertain,N/A
2025-06-12 12:09:12,Uncertain,N/A
2025-06-12 12:09:12,Uncertain,N/A
2025-06-12 12:09:12,Uncertain,N/A
2025-06-12 12:09:13,Uncertain,N/A
2025-06-12 12:09:13,N/A,disgust
2025-06-12 12:09:13,Uncertain,N/A
2025-06-12 12:09:13,Uncertain,N/A
2025-06-12 12:09:13,Uncertain,N/A
2025-06-12 12:09:13,Uncertain,N/A
2025-06-12 12:09:14,Uncertain,N/A
2025-06-12 12:09:14,Uncertain,N/A
2025-06-12 12:09:14,Uncertain,N/A
2025-06-12 12:09:14,Uncertain,N/A
2025-06-12 12:09:15,sad,N/A
2025-06-12 12:09:15,Uncertain,N/A
2025-06-12 12:09:15,Uncertain,N/A
2025-06-12 12:09:15,Uncertain,N/A
2025-06-12 12:09:16,Uncertain,N/A
2025-06-12 12:09:16,Uncertain,N/A
2025-06-12 12:09:16,Uncertain,N/A
2025-06-12 12:09:16,Uncertain,N/A
2025-06-12 12:09:16,Uncertain,N/A
2025-06-12 12:09:17,Uncertain,N/A
2025-06-12 12:09:17,sad,N/A
2025-06-12 12:09:17,sad,N/A
2025-06-12 12:09:17,Uncertain,N/A
2025-06-12 12:09:17,sad,N/A
2025-06-12 12:09:17,Uncertain,N/A
2025-06-12 12:09:18,neutral,N/A
2025-06-12 12:09:18,Uncertain,N/A
2025-06-12 12:09:18,Uncertain,N/A
2025-06-12 12:09:18,Uncertain,N/A
2025-06-12 12:09:18,Uncertain,N/A
2025-06-12 12:09:18,Uncertain,N/A
2025-06-12 12:09:19,Uncertain,N/A
2025-06-12 12:09:19,sad,N/A
2025-06-12 12:09:19,N/A,angry
2025-06-12 12:09:19,Uncertain,N/A
2025-06-12 12:09:19,Uncertain,N/A
2025-06-12 12:09:19,Uncertain,N/A
2025-06-12 12:09:20,Uncertain,N/A
2025-06-12 12:09:20,Uncertain,N/A
2025-06-12 12:09:20,sad,N/A
2025-06-12 12:09:20,sad,N/A
2025-06-12 12:09:20,Uncertain,N/A
2025-06-12 12:09:20,Uncertain,N/A
2025-06-12 12:09:21,Uncertain,N/A
2025-06-12 12:09:21,Uncertain,N/A
2025-06-12 12:09:21,Uncertain,N/A
2025-06-12 12:09:21,Uncertain,N/A
2025-06-12 12:09:21,Uncertain,N/A
2025-06-12 12:09:21,Uncertain,N/A
2025-06-12 12:09:21,Uncertain,N/A
2025-06-12 12:09:22,Uncertain,N/A
2025-06-12 12:09:22,Uncertain,N/A
2025-06-12 12:09:22,Uncertain,N/A
2025-06-12 12:09:22,Uncertain,N/A
2025-06-12 12:09:22,Uncertain,N/A
2025-06-12 12:09:23,Uncertain,N/A
2025-06-12 12:09:23,neutral,N/A
2025-06-12 12:09:23,Uncertain,N/A
2025-06-12 12:09:23,neutral,N/A
2025-06-12 12:09:23,Uncertain,N/A
2025-06-12 12:09:23,Uncertain,N/A
2025-06-12 12:09:24,Uncertain,N/A
2025-06-12 12:09:24,Uncertain,N/A
2025-06-12 12:09:24,sad,N/A
2025-06-12 12:09:24,Uncertain,N/A
2025-06-12 12:09:24,Uncertain,N/A
2025-06-12 12:09:24,sad,N/A
2025-06-12 12:09:25,Uncertain,N/A
2025-06-12 12:09:25,sad,N/A
2025-06-12 12:09:25,Uncertain,N/A
2025-06-12 12:09:25,sad,N/A
2025-06-12 12:09:25,sad,N/A
2025-06-12 12:09:25,N/A,disgust
2025-06-12 12:09:25,happy,N/A
2025-06-12 12:09:26,Uncertain,N/A
2025-06-12 12:09:26,Uncertain,N/A
2025-06-12 12:09:26,happy,N/A
2025-06-12 12:09:26,Uncertain,N/A
2025-06-12 12:09:26,happy,N/A
2025-06-12 12:09:27,happy,N/A
2025-06-12 12:09:27,happy,N/A
2025-06-12 12:09:27,happy,N/A
2025-06-12 12:09:27,happy,N/A
2025-06-12 12:09:28,Uncertain,N/A
2025-06-12 12:09:28,happy,N/A
2025-06-12 12:09:28,happy,N/A
2025-06-12 12:09:28,happy,N/A
2025-06-12 12:09:28,Uncertain,N/A
2025-06-12 12:09:29,Uncertain,N/A
2025-06-12 12:09:29,Uncertain,N/A
2025-06-12 12:09:29,happy,N/A
2025-06-12 12:15:54,Uncertain,N/A
2025-06-12 12:15:54,Uncertain,N/A
2025-06-12 12:15:55,Uncertain,N/A
2025-06-12 12:15:55,Uncertain,N/A
2025-06-12 12:15:55,Uncertain,N/A
2025-06-12 12:15:55,Uncertain,N/A
2025-06-12 12:15:56,Uncertain,N/A
2025-06-12 12:15:56,Uncertain,N/A
2025-06-12 12:22:43,neutral,N/A
2025-06-12 12:22:43,neutral,N/A
2025-06-12 12:22:43,neutral,N/A
2025-06-12 12:22:44,neutral,N/A
2025-06-12 12:22:44,neutral,N/A
2025-06-12 12:22:44,neutral,N/A
2025-06-12 12:22:45,neutral,N/A
2025-06-12 12:22:45,neutral,N/A
2025-06-12 12:22:45,neutral,N/A
2025-06-12 12:22:46,neutral,N/A
2025-06-12 12:22:46,neutral,N/A
2025-06-12 12:22:47,neutral,N/A
2025-06-12 12:22:47,Uncertain,N/A
2025-06-12 12:22:47,N/A,neutral
2025-06-12 12:22:47,Uncertain,N/A
2025-06-12 12:22:48,Uncertain,N/A
2025-06-12 12:22:48,Uncertain,N/A
2025-06-12 12:22:48,Uncertain,N/A
2025-06-12 12:22:49,neutral,N/A
2025-06-12 12:22:49,Uncertain,N/A
2025-06-12 12:22:50,sad,N/A
2025-06-12 12:22:50,sad,N/A
2025-06-12 12:22:50,Uncertain,N/A
2025-06-12 12:22:51,neutral,N/A
2025-06-12 12:22:51,Uncertain,N/A
2025-06-12 12:22:51,sad,N/A
2025-06-12 12:22:52,Uncertain,N/A
2025-06-12 12:22:52,N/A,neutral
2025-06-12 12:22:52,Uncertain,N/A
2025-06-12 12:22:52,neutral,N/A
2025-06-12 12:22:53,Uncertain,N/A
2025-06-12 12:22:53,sad,N/A
2025-06-12 12:22:53,sad,N/A
2025-06-12 12:22:54,Uncertain,N/A
2025-06-12 12:22:54,Uncertain,N/A
2025-06-12 12:22:54,Uncertain,N/A
2025-06-12 12:22:55,Uncertain,N/A
2025-06-12 12:22:55,Uncertain,N/A
2025-06-12 12:22:55,Uncertain,N/A
2025-06-12 12:22:56,Uncertain,N/A
2025-06-12 12:22:56,Uncertain,N/A
2025-06-12 12:22:57,Uncertain,N/A
2025-06-12 12:22:57,sad,N/A
2025-06-12 12:22:57,sad,N/A
2025-06-12 12:22:58,sad,N/A
2025-06-12 12:22:58,Uncertain,N/A
2025-06-12 12:22:58,Uncertain,N/A
2025-06-12 12:22:58,N/A,Uncertain
2025-06-12 12:22:59,Uncertain,N/A
2025-06-12 12:22:59,Uncertain,N/A
2025-06-12 12:22:59,sad,N/A
2025-06-12 12:23:00,Uncertain,N/A
2025-06-12 12:23:00,Uncertain,N/A
2025-06-12 12:23:01,Uncertain,N/A
2025-06-12 12:23:01,Uncertain,N/A
2025-06-12 12:23:02,Uncertain,N/A
2025-06-12 12:23:02,Uncertain,N/A
2025-06-12 12:23:02,surprise,N/A
2025-06-12 12:23:03,surprise,N/A
2025-06-12 12:23:03,surprise,N/A
2025-06-12 12:23:03,surprise,N/A
2025-06-12 12:23:04,sad,N/A
2025-06-12 12:23:04,Uncertain,N/A
2025-06-12 12:23:05,N/A,disgust
2025-06-12 12:23:05,angry,N/A
2025-06-12 12:23:05,surprise,N/A
2025-06-12 12:23:05,Uncertain,N/A
2025-06-12 12:23:06,surprise,N/A
2025-06-12 12:23:06,Uncertain,N/A
2025-06-12 12:23:06,Uncertain,N/A
2025-06-12 12:23:07,surprise,N/A
2025-06-12 12:23:07,Uncertain,N/A
2025-06-12 12:23:08,Uncertain,N/A
2025-06-12 12:23:08,surprise,N/A
2025-06-12 12:23:08,surprise,N/A
2025-06-12 12:23:09,Uncertain,N/A
2025-06-12 12:23:09,surprise,N/A
2025-06-12 12:23:10,neutral,N/A
2025-06-12 12:23:10,sad,N/A
2025-06-12 12:23:10,Uncertain,N/A
2025-06-12 12:23:11,Uncertain,N/A
2025-06-12 12:23:11,N/A,disgust
2025-06-12 12:23:11,surprise,N/A
2025-06-12 12:23:12,surprise,N/A
2025-06-12 12:23:12,sad,N/A
2025-06-12 12:23:12,surprise,N/A
2025-06-12 12:23:13,surprise,N/A
2025-06-12 12:23:13,surprise,N/A
2025-06-12 12:23:13,Uncertain,N/A
2025-06-12 12:23:14,surprise,N/A
2025-06-12 12:23:14,sad,N/A
2025-06-12 12:23:15,Uncertain,N/A
2025-06-12 12:23:15,neutral,N/A
2025-06-12 12:23:16,Uncertain,N/A
2025-06-12 12:23:16,sad,N/A
2025-06-12 12:23:16,Uncertain,N/A
2025-06-12 12:23:17,Uncertain,N/A
2025-06-12 12:23:17,sad,N/A
2025-06-12 12:23:17,sad,N/A
2025-06-12 12:23:17,N/A,neutral
2025-06-12 12:23:17,Uncertain,N/A
2025-06-12 12:23:18,sad,N/A
2025-06-12 12:23:18,Uncertain,N/A
2025-06-12 12:23:18,sad,N/A
2025-06-12 12:23:19,Uncertain,N/A
2025-06-12 12:23:19,Uncertain,N/A
2025-06-12 12:23:19,sad,N/A
2025-06-12 12:23:20,sad,N/A
2025-06-12 12:23:20,sad,N/A
2025-06-12 12:23:20,sad,N/A
2025-06-12 12:23:21,Uncertain,N/A
2025-06-12 12:23:21,Uncertain,N/A
2025-06-12 12:23:22,Uncertain,N/A
2025-06-12 12:23:22,Uncertain,N/A
2025-06-12 12:23:22,Uncertain,N/A
2025-06-12 12:23:23,sad,N/A
2025-06-12 12:23:23,Uncertain,N/A
2025-06-12 12:23:23,Uncertain,N/A
2025-06-12 12:23:23,N/A,neutral
2025-06-12 12:23:24,sad,N/A
2025-06-12 12:23:24,sad,N/A
2025-06-12 12:23:24,sad,N/A
2025-06-12 12:23:25,sad,N/A
2025-06-12 12:23:25,Uncertain,N/A
2025-06-12 12:23:25,Uncertain,N/A
2025-06-12 12:23:26,Uncertain,N/A
2025-06-12 12:23:26,Uncertain,N/A
2025-06-12 12:23:26,sad,N/A
2025-06-12 12:23:27,sad,N/A
2025-06-12 12:23:27,Uncertain,N/A
2025-06-12 12:23:28,Uncertain,N/A
2025-06-12 12:23:28,Uncertain,N/A
2025-06-12 12:23:28,neutral,N/A
2025-06-12 12:23:29,neutral,N/A
2025-06-12 12:23:29,neutral,N/A
2025-06-12 12:23:30,neutral,N/A
2025-06-12 12:23:30,N/A,disgust
2025-06-12 12:23:30,surprise,N/A
2025-06-12 12:23:31,Uncertain,N/A
2025-06-12 12:23:31,Uncertain,N/A
2025-06-12 12:23:31,Uncertain,N/A
2025-06-12 12:23:32,surprise,N/A
2025-06-12 12:23:32,Uncertain,N/A
2025-06-12 12:23:33,Uncertain,N/A
2025-06-12 12:23:33,surprise,N/A
2025-06-12 12:23:33,Uncertain,N/A
2025-06-12 12:23:34,Uncertain,N/A
2025-06-12 12:23:34,disgust,N/A
2025-06-12 12:23:34,surprise,N/A
2025-06-12 12:23:35,Uncertain,N/A
2025-06-12 12:23:35,Uncertain,N/A
2025-06-12 12:23:35,Uncertain,N/A
2025-06-12 12:23:36,Uncertain,N/A
2025-06-12 12:23:36,N/A,disgust
2025-06-12 12:23:36,surprise,N/A
2025-06-12 12:23:37,surprise,N/A
2025-06-12 12:23:37,Uncertain,N/A
2025-06-12 12:23:37,Uncertain,N/A
2025-06-12 12:23:38,surprise,N/A
2025-06-12 12:23:38,surprise,N/A
2025-06-12 12:23:38,surprise,N/A
2025-06-12 12:23:39,surprise,N/A
2025-06-12 12:23:39,Uncertain,N/A
2025-06-12 12:23:40,surprise,N/A
2025-06-12 12:23:40,surprise,N/A
2025-06-12 12:23:40,sad,N/A
2025-06-12 12:23:41,surprise,N/A
2025-06-12 12:23:41,surprise,N/A
2025-06-12 12:23:42,Uncertain,N/A
2025-06-12 12:23:42,Uncertain,N/A
2025-06-12 12:23:42,N/A,neutral
2025-06-12 12:23:43,surprise,N/A
2025-06-12 12:23:43,Uncertain,N/A
2025-06-12 12:23:43,Uncertain,N/A
2025-06-12 12:23:44,surprise,N/A
2025-06-12 12:23:44,Uncertain,N/A
2025-06-12 12:23:44,surprise,N/A
2025-06-12 12:23:45,surprise,N/A
2025-06-12 12:23:45,Uncertain,N/A
2025-06-12 12:23:46,Uncertain,N/A
2025-06-12 12:23:46,Uncertain,N/A
2025-06-12 12:23:46,Uncertain,N/A
2025-06-12 12:23:47,neutral,N/A
2025-06-12 12:23:47,Uncertain,N/A
2025-06-12 12:23:48,Uncertain,N/A
2025-06-12 12:23:48,Uncertain,N/A
2025-06-12 12:23:48,Uncertain,N/A
2025-06-12 12:23:49,Uncertain,N/A
2025-06-12 12:23:49,N/A,Uncertain
2025-06-12 12:23:49,Uncertain,N/A
2025-06-12 12:23:49,Uncertain,N/A
2025-06-12 12:23:50,neutral,N/A
2025-06-12 12:23:50,Uncertain,N/A
2025-06-12 12:23:50,Uncertain,N/A
2025-06-12 12:23:51,Uncertain,N/A
2025-06-12 12:23:51,Uncertain,N/A
2025-06-12 12:23:51,Uncertain,N/A
2025-06-12 12:23:51,Uncertain,N/A
2025-06-12 12:23:52,Uncertain,N/A
2025-06-12 12:23:52,Uncertain,N/A
2025-06-12 12:23:53,Uncertain,N/A
2025-06-12 12:23:53,neutral,N/A
2025-06-12 12:23:53,Uncertain,N/A
2025-06-12 12:23:53,Uncertain,N/A
2025-06-12 12:23:54,Uncertain,N/A
2025-06-12 12:23:54,Uncertain,N/A
2025-06-12 12:23:54,Uncertain,N/A
2025-06-12 12:23:55,Uncertain,N/A
2025-06-12 12:23:55,neutral,N/A
2025-06-12 12:23:55,N/A,Uncertain
2025-06-12 12:23:55,Uncertain,N/A
2025-06-12 12:23:56,Uncertain,N/A
2025-06-12 12:23:56,Uncertain,N/A
2025-06-12 12:23:56,angry,N/A
2025-06-12 12:23:56,Uncertain,N/A
2025-06-12 12:23:57,sad,N/A
2025-06-12 12:23:57,Uncertain,N/A
2025-06-12 12:23:57,Uncertain,N/A
2025-06-12 12:23:58,surprise,N/A
2025-06-12 12:23:58,surprise,N/A
2025-06-12 12:23:58,surprise,N/A
2025-06-12 12:23:59,Uncertain,N/A
2025-06-12 12:23:59,Uncertain,N/A
2025-06-12 12:24:00,Uncertain,N/A
2025-06-12 12:24:00,Uncertain,N/A
2025-06-12 12:24:00,surprise,N/A
2025-06-12 12:24:00,surprise,N/A
2025-06-12 12:24:01,surprise,N/A
2025-06-12 12:24:01,surprise,N/A
2025-06-12 12:24:01,N/A,disgust
2025-06-12 12:24:01,surprise,N/A
2025-06-12 12:24:02,Uncertain,N/A
2025-06-12 12:24:02,Uncertain,N/A
2025-06-12 12:24:02,Uncertain,N/A
2025-06-12 12:24:02,surprise,N/A
2025-06-12 12:24:03,surprise,N/A
2025-06-12 12:24:03,surprise,N/A
2025-06-12 12:24:03,surprise,N/A
2025-06-12 12:24:04,surprise,N/A
2025-06-12 12:24:04,Uncertain,N/A
2025-06-12 12:24:04,Uncertain,N/A
2025-06-12 12:24:05,Uncertain,N/A
2025-06-12 12:24:05,Uncertain,N/A
2025-06-12 12:24:05,Uncertain,N/A
2025-06-12 12:24:05,happy,N/A
2025-06-12 12:24:06,happy,N/A
2025-06-12 12:24:06,Uncertain,N/A
2025-06-12 12:24:07,Uncertain,N/A
2025-06-12 12:24:07,Uncertain,N/A
2025-06-12 12:24:07,angry,N/A
2025-06-12 12:24:07,angry,N/A
2025-06-12 12:24:08,N/A,disgust
2025-06-12 12:24:08,angry,N/A
2025-06-12 12:24:08,angry,N/A
2025-06-12 12:24:08,angry,N/A
2025-06-12 12:24:09,angry,N/A
2025-06-12 12:24:09,angry,N/A
2025-06-12 12:24:09,Uncertain,N/A
2025-06-12 12:24:10,angry,N/A
2025-06-12 12:24:10,happy,N/A
2025-06-12 12:24:10,happy,N/A
2025-06-12 12:24:11,happy,N/A
2025-06-12 12:24:11,happy,N/A
2025-06-12 12:24:12,happy,N/A
2025-06-12 12:24:12,happy,N/A
2025-06-12 12:24:12,happy,N/A
2025-06-12 12:24:13,happy,N/A
2025-06-12 12:24:13,happy,N/A
2025-06-12 12:24:13,happy,N/A
2025-06-12 12:24:14,neutral,N/A
2025-06-12 12:24:14,N/A,Uncertain
2025-06-12 12:24:14,neutral,N/A
2025-06-12 12:24:14,neutral,N/A
2025-06-12 12:24:15,neutral,N/A
2025-06-12 12:24:15,sad,N/A
2025-06-12 12:24:15,neutral,N/A
2025-06-12 12:24:16,neutral,N/A
2025-06-12 12:24:16,sad,N/A
2025-06-12 12:24:16,Uncertain,N/A
2025-06-12 12:24:17,neutral,N/A
2025-06-12 12:24:17,neutral,N/A
2025-06-12 12:24:18,neutral,N/A
2025-06-12 12:24:18,neutral,N/A
2025-06-12 12:24:18,neutral,N/A
2025-06-12 12:24:19,neutral,N/A
2025-06-12 12:24:19,neutral,N/A
2025-06-12 12:24:19,neutral,N/A
2025-06-12 12:24:19,neutral,N/A
2025-06-12 12:24:20,neutral,N/A
2025-06-12 12:24:20,neutral,N/A
2025-06-12 12:24:20,N/A,Uncertain
2025-06-12 12:24:20,happy,N/A
2025-06-12 12:24:21,happy,N/A
2025-06-12 12:24:21,happy,N/A
2025-06-12 12:24:21,happy,N/A
2025-06-12 12:24:22,happy,N/A
2025-06-12 12:24:22,sad,N/A
2025-06-12 12:24:22,sad,N/A
2025-06-12 12:24:22,sad,N/A
2025-06-12 12:24:23,happy,N/A
2025-06-12 12:24:23,happy,N/A
2025-06-12 12:24:23,happy,N/A
2025-06-12 12:24:24,happy,N/A
2025-06-12 12:24:24,happy,N/A
2025-06-12 12:24:24,neutral,N/A
2025-06-12 12:24:25,happy,N/A
2025-06-12 12:24:25,Uncertain,N/A
2025-06-12 12:24:25,happy,N/A
2025-06-12 12:24:26,happy,N/A
2025-06-12 12:24:26,happy,N/A
2025-06-12 12:24:26,happy,N/A
2025-06-12 12:24:26,happy,N/A
2025-06-12 12:24:27,N/A,disgust
2025-06-12 12:24:27,Uncertain,N/A
2025-06-12 12:24:27,happy,N/A
2025-06-12 12:24:27,happy,N/A
2025-06-12 12:24:28,happy,N/A
2025-06-12 12:24:28,happy,N/A
2025-06-12 12:24:28,happy,N/A
2025-06-12 12:24:28,angry,N/A
2025-06-12 12:24:29,happy,N/A
2025-06-12 12:24:29,sad,N/A
2025-06-12 12:24:29,Uncertain,N/A
2025-06-12 12:24:30,neutral,N/A
2025-06-12 12:24:30,Uncertain,N/A
2025-06-12 12:24:30,neutral,N/A
2025-06-12 12:24:31,Uncertain,N/A
2025-06-12 12:24:31,sad,N/A
2025-06-12 12:24:31,neutral,N/A
2025-06-12 12:24:32,Uncertain,N/A
2025-06-12 12:24:32,fear,N/A
2025-06-12 12:24:32,Uncertain,N/A
2025-06-12 12:24:33,Uncertain,N/A
2025-06-12 12:24:33,N/A,Uncertain
2025-06-12 12:24:33,neutral,N/A
2025-06-12 12:24:33,neutral,N/A
2025-06-12 12:24:34,neutral,N/A
2025-06-12 12:24:34,happy,N/A
2025-06-12 12:24:34,happy,N/A
2025-06-12 12:24:35,happy,N/A
2025-06-12 12:24:35,happy,N/A
2025-06-12 12:24:35,happy,N/A
2025-06-12 12:24:35,Uncertain,N/A
2025-06-12 12:24:36,Uncertain,N/A
2025-06-12 12:24:36,Uncertain,N/A
2025-06-12 12:24:36,Uncertain,N/A
2025-06-12 12:24:37,Uncertain,N/A
2025-06-12 12:24:37,sad,N/A
2025-06-12 12:24:37,sad,N/A
2025-06-12 12:24:37,happy,N/A
2025-06-12 12:24:38,happy,N/A
2025-06-12 12:24:38,happy,N/A
2025-06-12 12:24:38,happy,N/A
2025-06-12 12:24:39,happy,N/A
2025-06-12 12:24:39,N/A,Uncertain
2025-06-12 12:24:39,Uncertain,N/A
2025-06-12 12:24:39,sad,N/A
2025-06-12 12:30:28,Uncertain,N/A
2025-06-12 12:30:28,Uncertain,N/A
2025-06-12 12:30:29,sad,N/A
2025-06-12 12:30:29,sad,N/A
2025-06-12 12:30:30,sad,N/A
2025-06-12 12:30:30,Uncertain,N/A
2025-06-12 12:30:31,sad,N/A
2025-06-12 12:30:31,sad,N/A
2025-06-12 12:30:31,sad,N/A
2025-06-12 12:30:32,sad,N/A
2025-06-12 12:30:32,sad,N/A
2025-06-12 12:30:33,sad,N/A
2025-06-12 12:30:33,sad,N/A
2025-06-12 12:30:33,sad,N/A
2025-06-12 12:30:33,sad,N/A
2025-06-12 12:30:34,Uncertain,N/A
2025-06-12 12:30:34,Uncertain,N/A
2025-06-12 12:30:34,sad,N/A
2025-06-12 12:30:35,sad,N/A
2025-06-12 12:30:35,sad,N/A
2025-06-12 12:30:35,N/A,Uncertain
2025-06-12 12:30:35,sad,N/A
2025-06-12 12:30:35,sad,N/A
2025-06-12 12:30:36,sad,N/A
2025-06-12 12:30:36,sad,N/A
2025-06-12 12:30:36,sad,N/A
2025-06-12 12:30:36,sad,N/A
2025-06-12 12:30:37,sad,N/A
2025-06-12 12:30:37,sad,N/A
2025-06-12 12:30:37,Uncertain,N/A
2025-06-12 12:30:38,sad,N/A
2025-06-12 12:30:38,sad,N/A
2025-06-12 12:30:38,sad,N/A
2025-06-12 12:30:38,sad,N/A
2025-06-12 12:30:39,disgust,N/A
2025-06-12 12:30:39,Uncertain,N/A
2025-06-12 12:30:39,sad,N/A
2025-06-12 12:30:40,sad,N/A
2025-06-12 12:30:40,N/A,disgust
2025-06-12 12:30:40,sad,N/A
2025-06-12 12:30:40,Uncertain,N/A
2025-06-12 12:30:41,Uncertain,N/A
2025-06-12 12:30:41,Uncertain,N/A
2025-06-12 12:30:41,Uncertain,N/A
2025-06-12 12:30:42,Uncertain,N/A
2025-06-12 12:30:42,Uncertain,N/A
2025-06-12 12:30:42,Uncertain,N/A
2025-06-12 12:30:42,Uncertain,N/A
2025-06-12 12:30:43,Uncertain,N/A
2025-06-12 12:30:43,neutral,N/A
2025-06-12 12:30:44,neutral,N/A
2025-06-12 12:30:44,Uncertain,N/A
2025-06-12 12:30:44,Uncertain,N/A
2025-06-12 12:30:44,Uncertain,N/A
2025-06-12 12:30:45,Uncertain,N/A
2025-06-12 12:30:45,neutral,N/A
2025-06-12 12:30:45,Uncertain,N/A
2025-06-12 12:30:46,Uncertain,N/A
2025-06-12 12:30:46,Uncertain,N/A
2025-06-12 12:30:46,N/A,disgust
2025-06-12 12:30:46,Uncertain,N/A
2025-06-12 12:30:47,neutral,N/A
2025-06-12 12:30:47,neutral,N/A
2025-06-12 12:30:47,neutral,N/A
2025-06-12 12:30:47,neutral,N/A
2025-06-12 12:30:48,neutral,N/A
2025-06-12 12:30:48,neutral,N/A
2025-06-12 12:30:48,neutral,N/A
2025-06-12 12:30:49,neutral,N/A
2025-06-12 12:30:49,neutral,N/A
2025-06-12 12:30:49,neutral,N/A
2025-06-12 12:30:49,neutral,N/A
2025-06-12 12:30:50,neutral,N/A
2025-06-12 12:30:50,neutral,N/A
2025-06-12 12:30:50,neutral,N/A
2025-06-12 12:30:51,neutral,N/A
2025-06-12 12:30:51,neutral,N/A
2025-06-12 12:30:52,Uncertain,N/A
2025-06-12 12:30:52,Uncertain,N/A
2025-06-12 12:30:52,N/A,Uncertain
2025-06-12 12:30:53,neutral,N/A
2025-06-12 12:30:53,Uncertain,N/A
2025-06-12 12:30:53,neutral,N/A
2025-06-12 12:30:53,neutral,N/A
2025-06-12 12:30:54,neutral,N/A
2025-06-12 12:30:54,neutral,N/A
2025-06-12 12:30:54,neutral,N/A
2025-06-12 12:30:55,Uncertain,N/A
2025-06-12 12:30:55,neutral,N/A
2025-06-12 12:30:55,Uncertain,N/A
2025-06-12 12:30:56,neutral,N/A
2025-06-12 12:30:56,Uncertain,N/A
2025-06-12 12:30:56,Uncertain,N/A
2025-06-12 12:30:56,Uncertain,N/A
2025-06-12 12:30:57,Uncertain,N/A
2025-06-12 12:30:57,Uncertain,N/A
2025-06-12 12:30:58,Uncertain,N/A
2025-06-12 12:30:58,Uncertain,N/A
2025-06-12 12:30:58,Uncertain,N/A
2025-06-12 12:30:58,Uncertain,N/A
2025-06-12 12:30:59,N/A,disgust
2025-06-12 12:30:59,Uncertain,N/A
2025-06-12 12:30:59,Uncertain,N/A
2025-06-12 12:31:00,Uncertain,N/A
2025-06-12 12:31:00,Uncertain,N/A
2025-06-12 12:31:00,Uncertain,N/A
2025-06-12 12:31:00,Uncertain,N/A
2025-06-12 12:31:01,Uncertain,N/A
2025-06-12 12:31:01,Uncertain,N/A
2025-06-12 12:31:01,Uncertain,N/A
2025-06-12 12:31:01,Uncertain,N/A
2025-06-12 12:31:02,Uncertain,N/A
2025-06-12 12:31:02,Uncertain,N/A
2025-06-12 12:31:02,Uncertain,N/A
2025-06-12 12:31:02,Uncertain,N/A
2025-06-12 12:31:03,sad,N/A
2025-06-12 12:31:03,Uncertain,N/A
2025-06-12 12:31:03,Uncertain,N/A
2025-06-12 12:31:03,Uncertain,N/A
2025-06-12 12:31:04,Uncertain,N/A
2025-06-12 12:31:04,Uncertain,N/A
2025-06-12 12:31:04,Uncertain,N/A
2025-06-12 12:31:05,Uncertain,N/A
2025-06-12 12:31:05,Uncertain,N/A
2025-06-12 12:31:05,N/A,disgust
2025-06-12 12:31:05,Uncertain,N/A
2025-06-12 12:31:06,sad,N/A
2025-06-12 12:31:06,sad,N/A
2025-06-12 12:31:06,Uncertain,N/A
2025-06-12 12:31:06,Uncertain,N/A
2025-06-12 12:31:07,Uncertain,N/A
2025-06-12 12:31:07,Uncertain,N/A
2025-06-12 12:31:07,Uncertain,N/A
2025-06-12 12:31:08,Uncertain,N/A
2025-06-12 12:31:08,sad,N/A
2025-06-12 12:31:08,Uncertain,N/A
2025-06-12 12:31:09,disgust,N/A
2025-06-12 12:31:09,Uncertain,N/A
2025-06-12 12:31:09,Uncertain,N/A
2025-06-12 12:31:10,Uncertain,N/A
2025-06-12 12:31:10,disgust,N/A
2025-06-12 12:31:10,Uncertain,N/A
2025-06-12 12:31:11,Uncertain,N/A
2025-06-12 12:31:11,happy,N/A
2025-06-12 12:31:11,N/A,Uncertain
2025-06-12 12:31:11,Uncertain,N/A
2025-06-12 12:31:12,happy,N/A
2025-06-12 12:31:12,Uncertain,N/A
2025-06-12 12:31:12,Uncertain,N/A
2025-06-12 12:31:13,Uncertain,N/A
2025-06-12 12:31:13,Uncertain,N/A
2025-06-12 12:31:13,Uncertain,N/A
2025-06-12 12:31:13,Uncertain,N/A
2025-06-12 12:31:14,Uncertain,N/A
2025-06-12 12:31:14,Uncertain,N/A
2025-06-12 12:31:14,Uncertain,N/A
2025-06-12 12:31:15,Uncertain,N/A
2025-06-12 12:31:15,Uncertain,N/A
2025-06-12 12:31:15,Uncertain,N/A
2025-06-12 12:31:16,Uncertain,N/A
2025-06-12 12:31:16,Uncertain,N/A
2025-06-12 12:31:16,Uncertain,N/A
2025-06-12 12:31:16,Uncertain,N/A
2025-06-12 12:31:17,Uncertain,N/A
2025-06-12 12:31:17,Uncertain,N/A
2025-06-12 12:31:17,sad,N/A
2025-06-12 12:31:18,N/A,neutral
2025-06-12 12:31:18,sad,N/A
2025-06-12 12:31:18,sad,N/A
2025-06-12 12:31:18,Uncertain,N/A
2025-06-12 12:31:19,Uncertain,N/A
2025-06-12 12:31:19,Uncertain,N/A
2025-06-12 12:31:19,Uncertain,N/A
2025-06-12 12:31:20,neutral,N/A
2025-06-12 12:31:20,neutral,N/A
2025-06-12 12:31:20,neutral,N/A
2025-06-12 12:31:21,neutral,N/A
2025-06-12 12:31:21,neutral,N/A
2025-06-12 12:31:21,neutral,N/A
2025-06-12 12:31:22,neutral,N/A
2025-06-12 12:31:22,neutral,N/A
2025-06-12 12:31:22,neutral,N/A
2025-06-12 12:31:23,neutral,N/A
2025-06-12 12:31:23,neutral,N/A
2025-06-12 12:31:23,neutral,N/A
2025-06-12 12:31:23,neutral,N/A
2025-06-12 12:31:24,N/A,Uncertain
2025-06-12 12:31:24,neutral,N/A
2025-06-12 12:31:24,neutral,N/A
2025-06-12 12:31:24,Uncertain,N/A
2025-06-12 12:31:25,neutral,N/A
2025-06-12 12:31:25,neutral,N/A
2025-06-12 12:31:25,neutral,N/A
2025-06-12 12:31:26,neutral,N/A
2025-06-12 12:31:26,neutral,N/A
2025-06-12 12:31:26,Uncertain,N/A
2025-06-12 12:31:26,Uncertain,N/A
2025-06-12 12:31:27,neutral,N/A
2025-06-12 12:31:27,neutral,N/A
2025-06-12 12:31:27,neutral,N/A
2025-06-12 12:31:28,neutral,N/A
2025-06-12 12:31:28,neutral,N/A
2025-06-12 12:31:28,neutral,N/A
2025-06-12 12:31:29,neutral,N/A
2025-06-12 12:31:29,neutral,N/A
2025-06-12 12:31:29,neutral,N/A
2025-06-12 12:31:29,neutral,N/A
2025-06-12 12:31:30,neutral,N/A
2025-06-12 12:31:30,N/A,Uncertain
2025-06-12 12:31:30,Uncertain,N/A
2025-06-12 12:31:30,Uncertain,N/A
2025-06-12 12:31:31,Uncertain,N/A
2025-06-12 12:31:31,Uncertain,N/A
2025-06-12 12:31:31,Uncertain,N/A
2025-06-12 12:31:32,Uncertain,N/A
2025-06-12 12:31:32,Uncertain,N/A
2025-06-12 12:31:32,angry,N/A
2025-06-12 12:31:33,Uncertain,N/A
2025-06-12 12:31:33,Uncertain,N/A
2025-06-12 12:31:33,sad,N/A
2025-06-12 12:31:34,Uncertain,N/A
2025-06-12 12:31:34,Uncertain,N/A
2025-06-12 12:31:35,Uncertain,N/A
2025-06-12 12:31:35,angry,N/A
2025-06-12 12:31:35,Uncertain,N/A
2025-06-12 12:31:35,neutral,N/A
2025-06-12 12:31:36,neutral,N/A
2025-06-12 12:31:36,neutral,N/A
2025-06-12 12:31:36,neutral,N/A
2025-06-12 12:31:36,N/A,Uncertain
2025-06-12 12:31:37,neutral,N/A
2025-06-12 12:31:37,neutral,N/A
2025-06-12 12:31:37,neutral,N/A
2025-06-12 12:31:37,neutral,N/A
2025-06-12 12:31:38,Uncertain,N/A
2025-06-12 12:31:38,angry,N/A
2025-06-12 12:31:38,Uncertain,N/A
2025-06-12 12:31:39,Uncertain,N/A
2025-06-12 12:31:39,Uncertain,N/A
2025-06-12 12:31:39,Uncertain,N/A
2025-06-12 12:31:40,Uncertain,N/A
2025-06-12 12:31:40,Uncertain,N/A
2025-06-12 12:31:40,neutral,N/A
2025-06-12 12:31:41,Uncertain,N/A
2025-06-12 12:31:41,Uncertain,N/A
2025-06-12 12:31:41,neutral,N/A
2025-06-12 12:31:41,Uncertain,N/A
2025-06-12 12:31:42,Uncertain,N/A
2025-06-12 12:31:42,Uncertain,N/A
2025-06-12 12:31:42,Uncertain,N/A
2025-06-12 12:31:43,N/A,disgust
2025-06-12 12:31:43,Uncertain,N/A
2025-06-12 12:31:43,Uncertain,N/A
2025-06-12 12:31:43,Uncertain,N/A
2025-06-12 12:31:43,Uncertain,N/A
2025-06-12 12:31:44,Uncertain,N/A
2025-06-12 12:31:44,Uncertain,N/A
2025-06-12 12:31:44,Uncertain,N/A
2025-06-12 12:31:45,Uncertain,N/A
2025-06-12 12:31:45,Uncertain,N/A
2025-06-12 12:31:45,Uncertain,N/A
2025-06-12 12:31:45,Uncertain,N/A
2025-06-12 12:31:46,sad,N/A
2025-06-12 12:31:46,Uncertain,N/A
2025-06-12 12:31:46,Uncertain,N/A
2025-06-12 12:31:47,Uncertain,N/A
2025-06-12 12:31:47,Uncertain,N/A
2025-06-12 12:31:47,neutral,N/A
2025-06-12 12:31:48,neutral,N/A
2025-06-12 12:31:48,angry,N/A
2025-06-12 12:31:48,Uncertain,N/A
2025-06-12 12:31:48,Uncertain,N/A
2025-06-12 12:31:49,Uncertain,N/A
2025-06-12 12:31:49,N/A,Uncertain
2025-06-12 12:31:49,Uncertain,N/A
2025-06-12 12:31:49,Uncertain,N/A
2025-06-12 12:31:50,Uncertain,N/A
2025-06-12 12:31:50,Uncertain,N/A
2025-06-12 12:31:50,Uncertain,N/A
2025-06-12 12:31:50,Uncertain,N/A
2025-06-12 12:31:51,Uncertain,N/A
2025-06-12 12:31:51,Uncertain,N/A
2025-06-12 12:31:51,Uncertain,N/A
2025-06-12 12:31:52,Uncertain,N/A
2025-06-12 12:31:52,Uncertain,N/A
2025-06-12 12:31:52,Uncertain,N/A
2025-06-12 12:31:53,Uncertain,N/A
2025-06-12 12:31:53,Uncertain,N/A
2025-06-12 12:31:53,Uncertain,N/A
2025-06-12 12:31:53,Uncertain,N/A
2025-06-12 12:31:54,Uncertain,N/A
2025-06-12 12:31:54,Uncertain,N/A
2025-06-12 12:31:54,sad,N/A
2025-06-12 12:31:55,sad,N/A
2025-06-12 12:31:55,Uncertain,N/A
2025-06-12 12:31:55,Uncertain,N/A
2025-06-12 12:31:55,N/A,Uncertain
2025-06-12 12:31:56,Uncertain,N/A
2025-06-12 12:31:56,Uncertain,N/A
2025-06-12 12:31:56,Uncertain,N/A
2025-06-12 12:31:57,sad,N/A
2025-06-12 12:31:57,sad,N/A
2025-06-12 12:31:57,sad,N/A
2025-06-12 12:31:57,sad,N/A
2025-06-12 12:31:58,Uncertain,N/A
2025-06-12 12:31:58,sad,N/A
2025-06-12 12:31:58,Uncertain,N/A
2025-06-12 12:31:59,sad,N/A
2025-06-12 12:31:59,sad,N/A
2025-06-12 12:31:59,Uncertain,N/A
2025-06-12 12:32:00,sad,N/A
2025-06-12 12:32:00,Uncertain,N/A
2025-06-12 12:32:00,Uncertain,N/A
2025-06-12 12:32:00,Uncertain,N/A
2025-06-12 12:32:01,sad,N/A
2025-06-12 12:32:01,sad,N/A
2025-06-12 12:32:01,Uncertain,N/A
2025-06-12 12:32:02,Uncertain,N/A
2025-06-12 12:32:02,N/A,disgust
2025-06-12 12:32:02,Uncertain,N/A
2025-06-12 12:32:02,Uncertain,N/A
2025-06-12 12:32:02,Uncertain,N/A
2025-06-12 12:32:03,Uncertain,N/A
2025-06-12 12:32:03,Uncertain,N/A
2025-06-12 12:32:03,Uncertain,N/A
2025-06-12 12:32:03,Uncertain,N/A
2025-06-12 12:32:04,Uncertain,N/A
2025-06-12 12:32:04,Uncertain,N/A
2025-06-12 12:32:04,sad,N/A
2025-06-12 12:32:05,neutral,N/A
2025-06-12 12:32:05,Uncertain,N/A
2025-06-12 12:32:05,Uncertain,N/A
2025-06-12 12:32:06,Uncertain,N/A
2025-06-12 12:32:06,Uncertain,N/A
2025-06-12 12:32:06,Uncertain,N/A
2025-06-12 12:32:06,Uncertain,N/A
2025-06-12 12:32:07,Uncertain,N/A
2025-06-12 12:32:07,Uncertain,N/A
2025-06-12 12:32:07,Uncertain,N/A
2025-06-12 12:32:07,Uncertain,N/A
2025-06-12 12:32:08,Uncertain,N/A
2025-06-12 12:32:08,N/A,Uncertain
2025-06-12 12:32:08,Uncertain,N/A
2025-06-12 12:32:08,angry,N/A
2025-06-12 12:32:09,Uncertain,N/A
2025-06-12 12:32:09,Uncertain,N/A
2025-06-12 12:32:09,Uncertain,N/A
2025-06-12 12:32:10,Uncertain,N/A
2025-06-12 12:32:10,Uncertain,N/A
2025-06-12 12:32:10,Uncertain,N/A
2025-06-12 12:32:11,Uncertain,N/A
2025-06-12 12:32:11,Uncertain,N/A
2025-06-12 12:32:11,Uncertain,N/A
2025-06-12 12:32:11,Uncertain,N/A
2025-06-12 12:32:12,Uncertain,N/A
2025-06-12 12:32:12,Uncertain,N/A
2025-06-12 12:32:12,Uncertain,N/A
2025-06-12 12:32:13,Uncertain,N/A
2025-06-12 12:32:13,Uncertain,N/A
2025-06-12 12:32:13,Uncertain,N/A
2025-06-12 12:32:14,Uncertain,N/A
2025-06-12 12:32:14,Uncertain,N/A
2025-06-12 12:32:14,N/A,disgust
2025-06-12 12:32:14,Uncertain,N/A
2025-06-12 12:32:14,Uncertain,N/A
2025-06-12 12:32:15,Uncertain,N/A
2025-06-12 12:32:15,Uncertain,N/A
2025-06-12 12:32:15,Uncertain,N/A
2025-06-12 12:32:15,Uncertain,N/A
2025-06-12 12:32:16,Uncertain,N/A
2025-06-12 12:32:16,Uncertain,N/A
2025-06-12 12:32:16,Uncertain,N/A
2025-06-12 12:32:17,Uncertain,N/A
2025-06-12 12:32:17,Uncertain,N/A
2025-06-12 12:32:17,Uncertain,N/A
2025-06-12 12:32:18,Uncertain,N/A
2025-06-12 12:32:18,Uncertain,N/A
2025-06-12 12:32:18,Uncertain,N/A
2025-06-12 12:32:18,Uncertain,N/A
2025-06-12 12:32:19,Uncertain,N/A
2025-06-12 12:32:19,Uncertain,N/A
2025-06-12 12:32:19,Uncertain,N/A
2025-06-12 12:32:20,Uncertain,N/A
2025-06-12 12:32:20,Uncertain,N/A
2025-06-12 12:32:20,Uncertain,N/A
2025-06-12 12:32:20,N/A,Uncertain
2025-06-12 12:32:21,neutral,N/A
2025-06-12 12:32:21,neutral,N/A
2025-06-12 12:32:21,neutral,N/A
2025-06-12 12:32:21,neutral,N/A
2025-06-12 12:32:22,Uncertain,N/A
2025-06-12 12:32:22,neutral,N/A
2025-06-12 12:32:22,angry,N/A
2025-06-12 12:32:22,Uncertain,N/A
2025-06-12 12:32:23,Uncertain,N/A
2025-06-12 12:32:23,Uncertain,N/A
2025-06-12 12:32:23,Uncertain,N/A
2025-06-12 12:32:24,Uncertain,N/A
2025-06-12 12:32:24,Uncertain,N/A
2025-06-12 12:32:24,Uncertain,N/A
2025-06-12 12:32:25,Uncertain,N/A
2025-06-12 12:32:25,Uncertain,N/A
2025-06-12 12:32:25,Uncertain,N/A
2025-06-12 12:32:25,Uncertain,N/A
2025-06-12 12:32:26,Uncertain,N/A
2025-06-12 12:32:36,sad,N/A
2025-06-12 12:32:36,sad,N/A
2025-06-12 12:32:36,sad,N/A
2025-06-12 12:32:37,Uncertain,N/A
2025-06-12 12:32:37,Uncertain,N/A
2025-06-12 12:32:37,Uncertain,N/A
2025-06-12 12:32:38,sad,N/A
2025-06-12 12:32:38,Uncertain,N/A
2025-06-12 12:32:38,sad,N/A
2025-06-12 12:32:39,Uncertain,N/A
2025-06-12 12:32:39,N/A,disgust
2025-06-12 12:32:39,sad,N/A
2025-06-12 12:32:39,sad,N/A
2025-06-12 12:32:40,sad,N/A
2025-06-12 12:32:40,sad,N/A
2025-06-12 12:32:40,Uncertain,N/A
2025-06-12 12:32:41,Uncertain,N/A
2025-06-12 12:32:41,Uncertain,N/A
2025-06-12 12:32:41,Uncertain,N/A
2025-06-12 12:32:41,Uncertain,N/A
2025-06-12 12:32:42,sad,N/A
2025-06-12 12:32:42,sad,N/A
2025-06-12 12:32:42,Uncertain,N/A
2025-06-12 12:32:43,Uncertain,N/A
2025-06-12 12:32:43,sad,N/A
2025-06-12 12:32:43,sad,N/A
2025-06-12 12:32:44,Uncertain,N/A
2025-06-12 12:32:44,Uncertain,N/A
2025-06-12 12:32:44,Uncertain,N/A
2025-06-12 12:32:44,Uncertain,N/A
2025-06-12 12:32:45,Uncertain,N/A
2025-06-12 12:32:45,Uncertain,N/A
2025-06-12 12:32:45,N/A,disgust
2025-06-12 12:32:45,sad,N/A
2025-06-12 12:32:46,sad,N/A
2025-06-12 12:32:46,sad,N/A
2025-06-12 12:32:46,sad,N/A
2025-06-12 12:32:46,Uncertain,N/A
2025-06-12 12:32:47,Uncertain,N/A
2025-06-12 12:32:47,sad,N/A
2025-06-12 12:32:47,Uncertain,N/A
2025-06-12 12:32:47,neutral,N/A
2025-06-12 12:32:48,Uncertain,N/A
2025-06-12 12:32:48,Uncertain,N/A
2025-06-12 12:32:48,Uncertain,N/A
2025-06-12 12:32:48,Uncertain,N/A
2025-06-12 12:32:49,Uncertain,N/A
2025-06-12 12:32:49,Uncertain,N/A
2025-06-12 12:32:49,sad,N/A
2025-06-12 12:32:50,Uncertain,N/A
2025-06-12 12:32:50,neutral,N/A
2025-06-12 12:32:50,Uncertain,N/A
2025-06-12 12:32:50,neutral,N/A
2025-06-12 12:32:51,sad,N/A
2025-06-12 12:32:51,neutral,N/A
2025-06-12 12:32:51,neutral,N/A
2025-06-12 13:30:56,sad,N/A
2025-06-12 13:30:56,sad,N/A
2025-06-12 13:30:56,sad,N/A
2025-06-12 13:30:57,sad,N/A
2025-06-12 13:30:57,sad,N/A
2025-06-12 13:30:57,sad,N/A
2025-06-12 13:30:57,sad,N/A
2025-06-12 13:30:57,sad,N/A
2025-06-12 13:30:57,sad,N/A
2025-06-12 13:30:58,Uncertain,N/A
2025-06-12 13:30:58,Uncertain,N/A
2025-06-12 13:30:58,Uncertain,N/A
2025-06-12 13:30:59,sad,N/A
2025-06-12 13:30:59,angry,N/A
2025-06-12 13:30:59,angry,N/A
2025-06-12 13:31:00,Uncertain,N/A
2025-06-12 13:31:00,Uncertain,N/A
2025-06-12 13:31:00,Uncertain,N/A
2025-06-12 13:31:00,Uncertain,N/A
2025-06-12 13:31:01,angry,N/A
2025-06-12 13:31:01,Uncertain,N/A
2025-06-12 13:31:01,Uncertain,N/A
2025-06-12 13:31:02,Uncertain,N/A
2025-06-12 13:31:02,Uncertain,N/A
2025-06-12 13:31:02,Uncertain,N/A
2025-06-12 13:31:02,Uncertain,N/A
2025-06-12 13:31:03,Uncertain,N/A
2025-06-12 13:31:03,Uncertain,N/A
2025-06-12 13:31:03,Uncertain,N/A
2025-06-12 13:31:03,Uncertain,N/A
2025-06-12 13:31:03,Uncertain,N/A
2025-06-12 13:31:04,N/A,Uncertain
2025-06-12 13:31:04,sad,N/A
2025-06-12 13:31:04,sad,N/A
2025-06-12 13:31:05,sad,N/A
2025-06-12 13:31:05,happy,N/A
2025-06-12 13:31:05,happy,N/A
2025-06-12 13:31:05,happy,N/A
2025-06-12 13:31:06,Uncertain,N/A
2025-06-12 13:31:06,angry,N/A
2025-06-12 13:31:06,angry,N/A
2025-06-12 13:31:07,angry,N/A
2025-06-12 13:31:07,angry,N/A
2025-06-12 13:31:07,angry,N/A
2025-06-12 13:31:07,angry,N/A
2025-06-12 13:31:08,angry,N/A
2025-06-12 13:31:08,angry,N/A
2025-06-12 13:31:08,N/A,Uncertain
2025-06-12 13:31:08,angry,N/A
2025-06-12 13:31:09,angry,N/A
2025-06-12 13:31:09,angry,N/A
2025-06-12 13:31:09,angry,N/A
2025-06-12 13:31:09,angry,N/A
2025-06-12 13:31:10,neutral,N/A
2025-06-12 13:31:10,Uncertain,N/A
2025-06-12 13:31:10,Uncertain,N/A
2025-06-12 13:31:11,happy,N/A
2025-06-12 13:31:11,happy,N/A
2025-06-12 13:31:11,happy,N/A
2025-06-12 13:31:12,happy,N/A
2025-06-12 13:31:12,happy,N/A
2025-06-12 13:31:12,happy,N/A
2025-06-12 13:31:13,happy,N/A
2025-06-12 13:31:13,happy,N/A
2025-06-12 13:31:13,happy,N/A
2025-06-12 13:31:13,happy,N/A
2025-06-12 13:31:14,happy,N/A
2025-06-12 13:31:14,happy,N/A
2025-06-12 13:31:14,N/A,disgust
2025-06-12 13:31:14,surprise,N/A
2025-06-12 13:31:15,surprise,N/A
2025-06-12 13:31:15,surprise,N/A
2025-06-12 13:31:15,surprise,N/A
2025-06-12 13:31:16,surprise,N/A
2025-06-12 13:31:16,surprise,N/A
2025-06-12 13:31:16,surprise,N/A
2025-06-12 13:31:17,surprise,N/A
2025-06-12 13:31:17,surprise,N/A
2025-06-12 13:31:17,surprise,N/A
2025-06-12 13:31:18,surprise,N/A
2025-06-12 13:31:18,surprise,N/A
2025-06-12 13:31:18,surprise,N/A
2025-06-12 13:31:19,surprise,N/A
2025-06-12 13:31:19,neutral,N/A
2025-06-12 13:31:19,happy,N/A
2025-06-12 13:31:19,happy,N/A
2025-06-12 13:31:20,sad,N/A
2025-06-12 13:31:20,sad,N/A
2025-06-12 13:31:21,Uncertain,N/A
2025-06-12 13:31:21,neutral,N/A
2025-06-12 13:31:21,N/A,disgust
2025-06-12 13:31:21,Uncertain,N/A
2025-06-12 13:31:21,neutral,N/A
2025-06-12 13:31:22,neutral,N/A
2025-06-12 13:31:22,neutral,N/A
2025-06-12 13:31:22,Uncertain,N/A
2025-06-12 13:31:22,neutral,N/A
2025-06-12 13:31:23,neutral,N/A
2025-06-12 13:31:23,Uncertain,N/A
2025-06-12 13:31:23,neutral,N/A
2025-06-12 13:31:24,neutral,N/A
2025-06-12 13:31:24,neutral,N/A
2025-06-12 13:31:24,neutral,N/A
2025-06-12 13:31:25,happy,N/A
2025-06-12 13:31:25,sad,N/A
2025-06-12 13:31:25,sad,N/A
2025-06-12 13:31:25,sad,N/A
2025-06-12 13:31:26,happy,N/A
2025-06-12 13:31:26,happy,N/A
2025-06-12 13:31:26,happy,N/A
2025-06-12 13:31:27,happy,N/A
2025-06-12 13:31:27,N/A,disgust
2025-06-12 13:31:27,sad,N/A
2025-06-12 13:31:27,happy,N/A
2025-06-12 13:31:28,happy,N/A
2025-06-12 13:31:28,happy,N/A
2025-06-12 13:31:28,Uncertain,N/A
2025-06-12 13:31:28,Uncertain,N/A
2025-06-12 13:31:29,Uncertain,N/A
2025-06-12 13:31:29,happy,N/A
2025-06-12 13:31:29,sad,N/A
2025-06-12 13:31:30,sad,N/A
2025-06-12 13:31:30,sad,N/A
2025-06-12 13:31:30,sad,N/A
2025-06-12 13:31:30,sad,N/A
2025-06-12 13:31:31,Uncertain,N/A
2025-06-12 13:31:31,sad,N/A
2025-06-12 13:31:31,Uncertain,N/A
2025-06-12 13:31:31,Uncertain,N/A
2025-06-12 13:31:32,neutral,N/A
2025-06-12 13:31:32,neutral,N/A
2025-06-12 13:31:32,neutral,N/A
2025-06-12 13:31:32,neutral,N/A
2025-06-12 13:31:33,neutral,N/A
2025-06-12 13:31:33,N/A,neutral
2025-06-12 13:31:33,neutral,N/A
2025-06-12 13:31:34,neutral,N/A
2025-06-12 13:31:34,neutral,N/A
2025-06-12 13:31:34,neutral,N/A
2025-06-12 13:31:35,neutral,N/A
2025-06-12 13:31:35,neutral,N/A
2025-06-12 13:31:35,neutral,N/A
2025-06-12 13:31:35,neutral,N/A
2025-06-12 13:31:36,neutral,N/A
2025-06-12 13:31:36,Uncertain,N/A
2025-06-12 13:31:36,Uncertain,N/A
2025-06-12 13:31:37,Uncertain,N/A
2025-06-12 13:31:37,Uncertain,N/A
2025-06-12 13:31:37,Uncertain,N/A
2025-06-12 13:31:37,Uncertain,N/A
2025-06-12 13:31:38,sad,N/A
2025-06-12 13:31:38,Uncertain,N/A
2025-06-12 13:31:39,Uncertain,N/A
2025-06-12 13:31:39,sad,N/A
2025-06-12 13:31:39,sad,N/A
2025-06-12 13:31:39,N/A,Uncertain
2025-06-12 13:31:40,sad,N/A
2025-06-12 13:31:40,sad,N/A
2025-06-12 13:31:40,sad,N/A
2025-06-12 13:31:40,sad,N/A
2025-06-12 13:31:40,sad,N/A
2025-06-12 13:31:41,sad,N/A
2025-06-12 13:31:41,sad,N/A
2025-06-12 13:31:42,sad,N/A
2025-06-12 13:31:42,Uncertain,N/A
2025-06-12 13:31:42,Uncertain,N/A
2025-06-12 13:31:42,sad,N/A
2025-06-12 13:31:43,sad,N/A
2025-06-12 13:31:43,sad,N/A
2025-06-12 13:31:43,sad,N/A
2025-06-12 13:31:44,sad,N/A
2025-06-12 13:31:44,sad,N/A
2025-06-12 13:31:44,sad,N/A
2025-06-12 13:31:45,sad,N/A
2025-06-12 13:31:45,sad,N/A
2025-06-12 13:31:45,sad,N/A
2025-06-12 13:31:45,sad,N/A
2025-06-12 13:31:45,N/A,Uncertain
2025-06-12 13:31:46,Uncertain,N/A
2025-06-12 13:31:46,sad,N/A
2025-06-12 13:31:46,sad,N/A
2025-06-12 13:31:46,Uncertain,N/A
2025-06-12 13:31:47,Uncertain,N/A
2025-06-12 13:31:47,Uncertain,N/A
2025-06-12 13:31:48,sad,N/A
2025-06-12 13:31:48,Uncertain,N/A
2025-06-12 13:31:48,Uncertain,N/A
2025-06-12 13:31:49,neutral,N/A
2025-06-12 13:31:49,sad,N/A
2025-06-12 13:31:49,Uncertain,N/A
2025-06-12 13:31:50,surprise,N/A
2025-06-12 13:31:50,Uncertain,N/A
2025-06-12 13:31:50,Uncertain,N/A
2025-06-12 13:31:50,Uncertain,N/A
2025-06-12 13:31:51,neutral,N/A
2025-06-12 13:31:51,Uncertain,N/A
2025-06-12 13:31:52,N/A,disgust
2025-06-12 13:31:52,Uncertain,N/A
2025-06-12 13:31:52,surprise,N/A
2025-06-12 13:31:52,Uncertain,N/A
2025-06-12 13:31:53,Uncertain,N/A
2025-06-12 13:31:53,sad,N/A
2025-06-12 13:31:53,sad,N/A
2025-06-12 13:31:54,sad,N/A
2025-06-12 13:31:54,neutral,N/A
2025-06-12 13:31:54,sad,N/A
2025-06-12 13:31:54,Uncertain,N/A
2025-06-12 13:31:55,Uncertain,N/A
2025-06-12 13:31:55,Uncertain,N/A
2025-06-12 13:31:56,neutral,N/A
2025-06-12 13:31:56,Uncertain,N/A
2025-06-12 13:31:56,Uncertain,N/A
2025-06-12 13:31:56,surprise,N/A
2025-06-12 13:31:57,Uncertain,N/A
2025-06-12 13:31:57,Uncertain,N/A
2025-06-12 13:31:58,neutral,N/A
2025-06-12 13:31:58,Uncertain,N/A
2025-06-12 13:31:58,N/A,disgust
2025-06-12 13:31:58,Uncertain,N/A
2025-06-12 13:31:58,Uncertain,N/A
2025-06-12 13:31:59,sad,N/A
2025-06-12 13:31:59,Uncertain,N/A
2025-06-12 13:31:59,Uncertain,N/A
2025-06-12 13:31:59,Uncertain,N/A
2025-06-12 13:32:00,Uncertain,N/A
2025-06-12 13:32:00,Uncertain,N/A
2025-06-12 13:32:01,Uncertain,N/A
2025-06-12 13:32:01,Uncertain,N/A
2025-06-12 13:32:01,Uncertain,N/A
2025-06-12 13:32:02,Uncertain,N/A
2025-06-12 13:32:02,neutral,N/A
2025-06-12 13:32:02,Uncertain,N/A
2025-06-12 13:32:02,Uncertain,N/A
2025-06-12 13:32:03,Uncertain,N/A
2025-06-12 13:32:03,surprise,N/A
2025-06-12 13:32:03,surprise,N/A
2025-06-12 13:32:04,neutral,N/A
2025-06-12 13:32:04,sad,N/A
2025-06-12 13:32:04,N/A,disgust
2025-06-12 13:32:04,sad,N/A
2025-06-12 13:32:05,sad,N/A
2025-06-12 13:32:05,sad,N/A
2025-06-12 13:32:05,sad,N/A
